{
  "channels": [
    "https://repo.anaconda.com/pkgs/main"
  ],
  "conda_build_version": "3.25.0",
  "conda_version": "23.5.2",
  "description": "Boost is a set of libraries for the C++ programming language that provides support for tasks and structures such as\nlinear algebra, pseudorandom number generation, multithreading, image processing, regular expressions, and unit testing.\n",
  "dev_url": "https://github.com/boostorg/boost",
  "doc_url": "https://www.boost.org/doc/",
  "env_vars": {
    "CIO_TEST": "<not set>"
  },
  "extra": {
    "copy_test_source_files": true,
    "final": true,
    "flow_run_id": "6d8d5a93-cca2-426c-8a56-847132f6a0d5",
    "parent_recipe": {
      "name": "boost-split",
      "path": "/var/folders/k1/30mswbxs7r1g6zwn8y4fyt500000gp/T/abs_6de7rg9yvs/clone/recipe",
      "version": "1.82.0"
    },
    "recipe-maintainers": [
      "ccordoba12",
      "jakirkham",
      "msarahan",
      "ocefpaf",
      "jschueller",
      "scopatz",
      "isuruf",
      "mingwandroid"
    ],
    "remote_url": "git@github.com:AnacondaRecipes/boost-feedstock.git",
    "sha": "4a33a70c7a715135d25b83acc2a47a304184c1cb"
  },
  "home": "https://www.boost.org/",
  "identifiers": [],
  "keywords": [],
  "license": "BSL-1.0",
  "license_family": "OTHER",
  "license_file": "LICENSE_1_0.txt",
  "root_pkgs": [
    "jsonschema 4.17.3 py39hca03da5_0",
    "chardet 4.0.0 py39hca03da5_1003",
    "python-slugify 5.0.2 pyhd3eb1b0_0",
    "python 3.9.17 hb885b13_0",
    "zstd 1.5.5 hd90d995_0",
    "conda-index 0.2.3 py39hca03da5_0",
    "ldid 2.1.5 h20b2a84_3",
    "zlib 1.2.13 h5a0b063_0",
    "tqdm 4.65.0 py39h86d0a89_0",
    "anaconda-client 1.11.3 py39hca03da5_0",
    "natsort 7.1.1 pyhd3eb1b0_0",
    "pydantic 1.10.8 py39h80987f9_0",
    "python-json-logger 2.0.7 py39hca03da5_0",
    "pyjwt 2.4.0 py39hca03da5_0",
    "importlib_resources 5.2.0 pyhd3eb1b0_1",
    "boltons 23.0.0 py39hca03da5_0",
    "nbformat 5.7.0 py39hca03da5_0",
    "dask-core 2023.6.0 py39hca03da5_0",
    "typing_extensions 4.6.3 py39hca03da5_0",
    "smmap 4.0.0 pyhd3eb1b0_0",
    "conda-build 3.25.0 py39hca03da5_0",
    "python-lmdb 1.4.1 py39h313beb8_0",
    "python-box 5.4.1 pyhd3eb1b0_0",
    "ld64_osx-arm64 530 h001ce53_25",
    "gettext 0.21.0 h13f89a0_1",
    "platformdirs 2.5.2 py39hca03da5_0",
    "libffi 3.4.4 hca03da5_0",
    "charset-normalizer 2.0.4 pyhd3eb1b0_0",
    "sortedcontainers 2.4.0 pyhd3eb1b0_0",
    "jupyter_core 5.3.0 py39hca03da5_0",
    "pytz 2022.7 py39hca03da5_0",
    "abs-sdk 0.1.0+556.g19e05ff4 py_0",
    "conda-package-handling 2.1.0 py39hca03da5_0",
    "prefect 1.4.0 pyhd3eb1b0_0",
    "jsonpatch 1.32 pyhd3eb1b0_0",
    "defusedxml 0.7.1 pyhd3eb1b0_0",
    "s3transfer 0.6.0 py39hca03da5_0",
    "botocore 1.27.59 py39hca03da5_0",
    "importlib-metadata 6.0.0 py39hca03da5_0",
    "requests-toolbelt 0.9.1 pyhd3eb1b0_0",
    "aiosignal 1.2.0 pyhd3eb1b0_0",
    "jinja2 3.1.2 py39hca03da5_0",
    "sqlite 3.41.2 h80987f9_0",
    "pip 23.1.2 py39hca03da5_0",
    "tomli 2.0.1 py39hca03da5_0",
    "pyrsistent 0.18.0 py39h1a28f6b_0",
    "psutil 5.9.0 py39h1a28f6b_0",
    "ruamel.yaml 0.17.21 py39h1a28f6b_0",
    "pendulum 2.1.2 pyhd3eb1b0_1",
    "pyopenssl 23.0.0 py39hca03da5_0",
    "pycparser 2.21 pyhd3eb1b0_0",
    "mypy_extensions 0.4.3 py39hca03da5_1",
    "llvm-openmp 14.0.6 hc6e5704_0",
    "libedit 3.1.20221030 h80987f9_0",
    "wrapt 1.14.1 py39h1a28f6b_0",
    "liblief 0.12.3 h313beb8_0",
    "marshmallow-oneofschema 3.0.1 py39hca03da5_0",
    "asn1crypto 1.5.1 py39hca03da5_0",
    "certifi 2023.5.7 py39hca03da5_0",
    "partd 1.2.0 pyhd3eb1b0_1",
    "six 1.16.0 pyhd3eb1b0_1",
    "filelock 3.9.0 py39hca03da5_0",
    "fsspec 2023.4.0 py39hca03da5_0",
    "jmespath 0.10.0 pyhd3eb1b0_0",
    "krb5 1.20.1 hf3e1bf2_1",
    "python-fastjsonschema 2.16.2 py39hca03da5_0",
    "distributed 2023.6.0 py39hca03da5_0",
    "markupsafe 2.1.1 py39h1a28f6b_0",
    "locket 1.0.0 py39hca03da5_0",
    "gitdb 4.0.7 pyhd3eb1b0_0",
    "libnghttp2 1.52.0 h62f6fdd_1",
    "libcurl 8.1.1 h3e2b118_1",
    "urllib3 1.26.16 py39hca03da5_0",
    "tapi 1100.0.11 h8754e6a_1",
    "expat 2.4.9 hc377ac9_0",
    "multidict 6.0.2 py39h1a28f6b_0",
    "cffi 1.15.1 py39h80987f9_3",
    "clyent 1.2.2 py39hca03da5_1",
    "brotlipy 0.7.0 py39h1a28f6b_1002",
    "xz 5.4.2 h80987f9_0",
    "pluggy 1.0.0 py39hca03da5_1",
    "text-unidecode 1.3 pyhd3eb1b0_0",
    "attrs 22.1.0 py39hca03da5_0",
    "toolz 0.12.0 py39hca03da5_0",
    "py-lief 0.12.3 py39h313beb8_0",
    "tblib 1.7.0 pyhd3eb1b0_0",
    "python-dateutil 2.8.2 pyhd3eb1b0_0",
    "icu 68.1 hc377ac9_0",
    "libiconv 1.16 h1a28f6b_2",
    "gitpython 3.1.30 py39hca03da5_0",
    "ld64 530 hb29bf3f_25",
    "tornado 6.2 py39h1a28f6b_0",
    "more-itertools 8.12.0 pyhd3eb1b0_0",
    "lz4-c 1.9.4 h313beb8_0",
    "unidecode 1.2.0 pyhd3eb1b0_0",
    "soupsieve 2.4 py39hca03da5_0",
    "zstandard 0.19.0 py39h80987f9_0",
    "libarchive 3.6.2 h62fee54_2",
    "cryptography 39.0.1 py39h834c97f_2",
    "docker-py 4.4.1 py39hca03da5_5",
    "click 8.0.4 py39hca03da5_0",
    "pygithub 1.55 pyhd3eb1b0_1",
    "libllvm14 14.0.6 h7ec7a93_3",
    "pysocks 1.7.1 py39hca03da5_0",
    "zict 2.2.0 py39hca03da5_0",
    "toml 0.10.2 pyhd3eb1b0_0",
    "idna 3.4 py39hca03da5_0",
    "async-timeout 4.0.2 py39hca03da5_0",
    "yaml 0.2.5 h1a28f6b_0",
    "msgpack-python 1.0.3 py39h525c30c_0",
    "pycosat 0.6.4 py39h1a28f6b_0",
    "ca-certificates 2023.05.30 hca03da5_0",
    "yarl 1.8.1 py39h1a28f6b_0",
    "glob2 0.7 pyhd3eb1b0_0",
    "zipp 3.11.0 py39hca03da5_0",
    "pcre2 10.42 hb066dcc_0",
    "ruamel.yaml.clib 0.2.6 py39h1a28f6b_1",
    "beautifulsoup4 4.12.2 py39hca03da5_0",
    "boto3 1.24.28 py39hca03da5_0",
    "cctools_osx-arm64 949.0.1 h332cad3_25",
    "libsodium 1.0.18 h1a28f6b_0",
    "typing-extensions 4.6.3 py39hca03da5_0",
    "heapdict 1.0.1 pyhd3eb1b0_0",
    "setuptools 67.8.0 py39hca03da5_0",
    "appdirs 1.4.4 pyhd3eb1b0_0",
    "pynacl 1.5.0 py39h1a28f6b_0",
    "bzip2 1.0.8 h620ffc9_4",
    "curl 8.1.1 h80987f9_1",
    "croniter 0.3.35 py_0",
    "perl 5.34.0 h1a28f6b_2",
    "slack-sdk 3.19.5 pyhaa95532_0",
    "aiohttp 3.8.3 py39h80987f9_0",
    "wheel 0.38.4 py39hca03da5_0",
    "marshmallow 3.19.0 py39hca03da5_0",
    "libssh2 1.10.0 h02f6b3c_2",
    "requests 2.29.0 py39hca03da5_0",
    "libcxx 14.0.6 h848a8c0_0",
    "pyparsing 3.0.9 py39hca03da5_0",
    "ncurses 6.4 h313beb8_0",
    "aioitertools 0.7.1 pyhd3eb1b0_0",
    "python-libarchive-c 2.9 pyhd3eb1b0_1",
    "traitlets 5.7.1 py39hca03da5_0",
    "tzdata 2023c h04d1e81_0",
    "c-ares 1.19.0 h80987f9_0",
    "patch 2.7.6 h1a28f6b_1001",
    "tabulate 0.8.10 py39hca03da5_0",
    "tk 8.6.12 hb8d0fd4_0",
    "gdbm 1.18 h8fe7016_4",
    "conda 23.5.2 py39hca03da5_0",
    "cloudpickle 2.2.1 py39hca03da5_0",
    "websocket-client 0.58.0 py39hca03da5_4",
    "docker-pycreds 0.4.0 pyhd3eb1b0_0",
    "jsonpointer 2.1 pyhd3eb1b0_0",
    "cctools 949.0.1 hc179dcd_25",
    "packaging 23.0 py39hca03da5_0",
    "readline 8.2 h1a28f6b_0",
    "pkginfo 1.9.6 py39hca03da5_0",
    "git 2.40.1 pl5340h6cf2078_1",
    "aiobotocore 2.4.2 py39hca03da5_0",
    "pyyaml 6.0 py39h80987f9_1",
    "frozenlist 1.3.3 py39h80987f9_0",
    "conda-package-streaming 0.8.0 py39hca03da5_0",
    "libxml2 2.10.3 h372ba2a_0",
    "deprecated 1.2.13 py39hca03da5_0",
    "datadog 0.42.0 pyhd3eb1b0_0",
    "pytzdata 2020.1 pyhd3eb1b0_0",
    "libev 4.33 h1a28f6b_1",
    "openssl 3.0.9 h1a28f6b_0"
  ],
  "summary": "Free peer-reviewed portable C++ source libraries.",
  "tags": []
}